code_qualification,nom_qualification,meta_domaine
43,QualiPAC Chauffage - Pose de chauffe-eau thermodynamique (43),Installations d'énergies renouvelables
41,QualiPAC Chauffage - Pose de pompe à chaleur (PAC aérothermique ou géothermique et chauffe-eau thermodynamique) (41),Installations d'énergies renouvelables
NFMR440,Travaux de rénovation globale (NFMR440),Rénovation globale
AUDIT500-02,Audit énergétique (AUDIT500-02),Etudes énergétiques
22,Qualibois module Eau - Pose d'appareil de chauffage au bois hydraulique (chaudière bois et poêle) (22),Installations d'énergies renouvelables
23,Qualibois module Eau - Pose d'appareil de chauffage au bois indépendant (poêle et insert) (23),Installations d'énergies renouvelables
21,Qualibois module Air - Pose d'appareil de chauffage au bois indépendant (poêle et insert) (21),Installations d'énergies renouvelables
11,Qualisol - Pose de chauffe-eau solaire individuel (eau chaude solaire) (11),Installations d'énergies renouvelables
61,Chauffage + - Pose de chaudières à condensation et micro-cogénération (61),Travaux d'efficacité énergétique
12,Qualisol Combi - Pose de système solaire combiné (eau chaude et chauffage solaire) (12),Installations d'énergies renouvelables
43SPVRGE,Panneaux Solaires Photovoltaïques (43SPVRGE),Installations d'énergies renouvelables
71,Ventilation + - Pose de ventilation double flux (71),Travaux d'efficacité énergétique
51,Qualiforage module Sonde - Forage de sondes géothermiques verticales pour des systèmes géothermiques de très basse énergie (51),Installations d'énergies renouvelables
33,QualiPV 0-250kWc - Pose de générateur photovoltaïque raccordé au réseau (33),Installations d'énergies renouvelables
52,Qualiforage module Nappe - Forage d'eau pour des systèmes géothermiques de très basse énergie (52),Installations d'énergies renouvelables
13,Qualisol Collectif - Pose de système de production d'eau chaude sanitaire à partir de capteur solaire thermique (13),Installations d'énergies renouvelables
47VENRGE,Ventilation Mécanique (47VENRGE),Travaux d'efficacité énergétique
49CETRGE,Chauffe-eau thermodynamique  (49CETRGE),Installations d'énergies renouvelables
2,Architecte sur le site faire.fr (2),Rénovation globale
1,ARCHITECTE ELIGIBLE AUDIT ENERGETIQUE « MAPRIMERENOV » (1),Etudes énergétiques
CP032,AUDIT ÉNERGÉTIQUE BÂTIMENTS (CP032),Etudes énergétiques
1905,Audit énergétique des bâtiments (tertiaires et/ou habitations collectives) (1905),Etudes énergétiques
1332,Etude thermique réglementaire bâtiment collectif dhabitation et/ou tertiaire (1332),Etudes énergétiques
2008,Ingénierie des installations de production utilisant la biomasse en combustion (2008),Etudes énergétiques
1327,Ingénierie de la performance énergétique dans le traitement climatique du bâtiment (1327),Etudes énergétiques
2013,Ingénierie des installations de production utilisant lénergie géothermique (2013),Etudes énergétiques
1224,Ingénierie de la performance énergétique de lenveloppe du bâtiment (1224),Etudes énergétiques
1333,Etude ACV bâtiments neufs (référentiel E+C-) (1333),Etudes énergétiques
2012,AMO pour la réalisation dinstallations de production dénergie utilisant la biomasse (2012),Etudes énergétiques
2014,Ingénierie des installations de production utilisant lénergie solaire thermique (2014),Etudes énergétiques
1910,Accompagnement au commissionnement des installations techniques du bâtiment (1910),Etudes énergétiques
1007,Etude des ressources géothermiques (1007),Etudes énergétiques
1407,Étude déclairage intérieur (1407),Etudes énergétiques
2015,Ingénierie des installations solaires utilisant lénergie solaire photovoltaïque (2015),Etudes énergétiques
1326,Etude de la performance énergétique dans le traitement climatique du bâtiment (1326),Etudes énergétiques
2011,Étude dinstallations de production utilisant lénergie solaire photovoltaïque  (2011),Etudes énergétiques
2010,Étude dinstallations de production utilisant lénergie solaire thermique (2010),Etudes énergétiques
1911,Audit énergétique maisons individuelles (1911),Etudes énergétiques
1331,Etude thermique réglementaire maison individuelle (1331),Etudes énergétiques
44LCPTRGEr,"Radiateurs électriques, dont régulation (44LCPTRGEr)",Travaux d'efficacité énergétique
44LCPTRGEv,Ventilation Mécanique (44LCPTRGEv),Travaux d'efficacité énergétique
48PACRGE,Pompe à chaleur : Chauffage (48PACRGE),Installations d'énergies renouvelables
48PACRGEc,Chauffe-eau thermodynamique  (48PACRGEc),Installations d'énergies renouvelables
45MGTIRGEr,"Radiateurs électriques, dont régulation (45MGTIRGEr)",Travaux d'efficacité énergétique
45MGTIRGEv,Ventilation Mécanique (45MGTIRGEv),Travaux d'efficacité énergétique
46CHERGE,"Radiateurs électriques, dont régulation (46CHERGE)",Travaux d'efficacité énergétique
1333,Etude ACV bâtiments neufs (1333),Etudes énergétiques
C001D117,Offre Globale de Rénovation Energétique (C001D117),Rénovation globale
C001D119,Offre Globale de Rénovation Energétique (C001D119),Etudes énergétiques
8611M3D111,"Efficacité énergétique - ""ECO Artisan®"" - Charpentier (8611M3D111)",Travaux d'efficacité énergétique
8611M3D112,"Efficacité énergétique - ""ECO Artisan®"" - Charpentier (8611M3D112)",Travaux d'efficacité énergétique
8611M3D115,"Efficacité énergétique - ""ECO Artisan®"" - Charpentier (8611M3D115)",Travaux d'efficacité énergétique
8611M4D111,"Efficacité énergétique - ""ECO Artisan®"" - Plâtrier / Plaquiste (8611M4D111)",Travaux d'efficacité énergétique
8611M4D114,"Efficacité énergétique - ""ECO Artisan®"" - Plâtrier / Plaquiste (8611M4D114)",Travaux d'efficacité énergétique
8611M4D115,"Efficacité énergétique - ""ECO Artisan®"" - Plâtrier / Plaquiste (8611M4D115)",Travaux d'efficacité énergétique
8611M10D109,"Efficacité énergétique - ""ECO Artisan®"" - Menuisier (8611M10D109)",Travaux d'efficacité énergétique
7122D114,Isolation thermique par l'intérieur (7122D114),Travaux d'efficacité énergétique
5211D101,Remplacement de chaudière gaz/fuel en logement individuel (5211D101),Travaux d'efficacité énergétique
8621T16D111,"Efficacité énergétique - ""Les pros de la performance énergétique®"" - Isolations parois verticales opaques et planchers bas (8621T16D111)",Travaux d'efficacité énergétique
8621T16D112,"Efficacité énergétique - ""Les pros de la performance énergétique®"" - Isolations parois verticales opaques et planchers bas (8621T16D112)",Travaux d'efficacité énergétique
8621T16D115,"Efficacité énergétique - ""Les pros de la performance énergétique®"" - Isolations parois verticales opaques et planchers bas (8621T16D115)",Travaux d'efficacité énergétique
8621T17D110,"Efficacité énergétique - ""Les pros de la performance énergétique®"" - Isolation toitures dont toitures terrassés et planchers hauts (8621T17D110)",Travaux d'efficacité énergétique
8621T17D111,"Efficacité énergétique - ""Les pros de la performance énergétique®"" - Isolation toitures dont toitures terrassés et planchers hauts (8621T17D111)",Travaux d'efficacité énergétique
8621T17D113,"Efficacité énergétique - ""Les pros de la performance énergétique®"" - Isolation toitures dont toitures terrassés et planchers hauts (8621T17D113)",Travaux d'efficacité énergétique
8621T17D114,"Efficacité énergétique - ""Les pros de la performance énergétique®"" - Isolation toitures dont toitures terrassés et planchers hauts (8621T17D114)",Travaux d'efficacité énergétique
8621T18D109,"Efficacité énergétique - ""Les pros de la performance énergétique®"" - Ouvrants, fermetures, protections solaires (8621T18D109)",Travaux d'efficacité énergétique
8621T18D110,"Efficacité énergétique - ""Les pros de la performance énergétique®"" - Ouvrants, fermetures, protections solaires (8621T18D110)",Travaux d'efficacité énergétique
5262D101,Maintenance d'installation de chauffage avec chaudière dans tout type de bâtiment supérieur à 1000 m2 (5262D101),Travaux d'efficacité énergétique
5262D107,Maintenance d'installation de chauffage avec chaudière dans tout type de bâtiment supérieur à 1000 m2 (5262D107),Travaux d'efficacité énergétique
3511D109,"Fourniture et pose de menuiseries extérieures en maison individuelle, petit collectif et petit tertiaire (3511D109)",Travaux d'efficacité énergétique
8621T14D101,"Efficacité énergétique - ""Les pros de la performance énergétique®"" - Chauffage, ventilation, climatisation (8621T14D101)",Travaux d'efficacité énergétique
8621T14D108,"Efficacité énergétique - ""Les pros de la performance énergétique®"" - Chauffage, ventilation, climatisation (8621T14D108)",Travaux d'efficacité énergétique
8621T14D107,"Efficacité énergétique - ""Les pros de la performance énergétique®"" - Chauffage, ventilation, climatisation (8621T14D107)",Travaux d'efficacité énergétique
3101D110,Tuiles à emboîtement ou à glissement (3101D110),Travaux d'efficacité énergétique
3101D111,Tuiles à emboîtement ou à glissement (3101D111),Travaux d'efficacité énergétique
3101D113,Tuiles à emboîtement ou à glissement (3101D113),Travaux d'efficacité énergétique
3152D110,Couverture en métaux sauf plomb (3152D110),Travaux d'efficacité énergétique
5113D107,Installation de plomberie sanitaire dans tout type de bâtiment avec surpresseur ou dans l'industrie (5113D107),Travaux d'efficacité énergétique
5133D106,Installation de chauffe-eau thermodynamique (5133D106),Installations d'énergies renouvelables
5213D101,"Installation de chauffage avec chaudière gaz/fuel en habitat individuel, collectif et tertiaire supérieur à 1000 m2 (5213D101)",Travaux d'efficacité énergétique
5213D107,"Installation de chauffage avec chaudière gaz/fuel en habitat individuel, collectif et tertiaire supérieur à 1000 m2 (5213D107)",Travaux d'efficacité énergétique
5221D104,Installation d'appareil de chauffage bois indépendant : poêle et insert (5221D104),Installations d'énergies renouvelables
5222D103,"Installation de chauffage avec chaudière bois en habitat individuel, collectif et tertiaire inférieur à 1000 m² (5222D103)",Installations d'énergies renouvelables
5222D104,"Installation de chauffage avec chaudière bois en habitat individuel, collectif et tertiaire inférieur à 1000 m² (5222D104)",Installations d'énergies renouvelables
5231D105,"Installation de pompe à chaleur et groupe froid en habitat individuel, collectif et tertiaire inférieur à 1000 m2 (5231D105)",Installations d'énergies renouvelables
5231D106,"Installation de pompe à chaleur et groupe froid en habitat individuel, collectif et tertiaire inférieur à 1000 m2 (5231D106)",Installations d'énergies renouvelables
2112D111,Maçonnerie et ouvrages en béton armé (2112D111),Travaux d'efficacité énergétique
2112D112,Maçonnerie et ouvrages en béton armé (2112D112),Travaux d'efficacité énergétique
2112D115,Maçonnerie et ouvrages en béton armé (2112D115),Travaux d'efficacité énergétique
3522D109,Fabrication et pose de menuiseries extérieures en aluminium (3522D109),Travaux d'efficacité énergétique
5111D101,"Installation de plomberie sanitaire en habitat individuel, collectif et tertiaire inférieur à 1000 m² (5111D101)",Travaux d'efficacité énergétique
5111D107,"Installation de plomberie sanitaire en habitat individuel, collectif et tertiaire inférieur à 1000 m² (5111D107)",Travaux d'efficacité énergétique
5312D108,"Installation de vmc en habitat individuel, collectif et tertiaire supérieur à 1000 m2 (5312D108)",Travaux d'efficacité énergétique
3101D114,Tuiles à emboîtement ou à glissement (3101D114),Travaux d'efficacité énergétique
3181D110,Couverture en plaques nervurées ou ondulées (3181D110),Travaux d'efficacité énergétique
3181D111,Couverture en plaques nervurées ou ondulées (3181D111),Travaux d'efficacité énergétique
3181D113,Couverture en plaques nervurées ou ondulées (3181D113),Travaux d'efficacité énergétique
3181D114,Couverture en plaques nervurées ou ondulées (3181D114),Travaux d'efficacité énergétique
5212D101,"Installation de chauffage avec chaudière gaz/fuel en habitat individuel, collectif et tertiaire inférieur à 1000 m2 (5212D101)",Travaux d'efficacité énergétique
5212D107,"Installation de chauffage avec chaudière gaz/fuel en habitat individuel, collectif et tertiaire inférieur à 1000 m2 (5212D107)",Travaux d'efficacité énergétique
8611M3D113,"Efficacité énergétique - ""ECO Artisan®"" - Charpentier (8611M3D113)",Travaux d'efficacité énergétique
8611M3D114,"Efficacité énergétique - ""ECO Artisan®"" - Charpentier (8611M3D114)",Travaux d'efficacité énergétique
3811D112,Parois en bardages simples (3811D112),Travaux d'efficacité énergétique
7122D111,Isolation thermique par l'intérieur (7122D111),Travaux d'efficacité énergétique
7122D115,Isolation thermique par l'intérieur (7122D115),Travaux d'efficacité énergétique
5112D101,Installation de plomberie sanitaire pour des bâtiments sans surpresseur supérieurs à 1000 m² (5112D101),Travaux d'efficacité énergétique
5112D107,Installation de plomberie sanitaire pour des bâtiments sans surpresseur supérieurs à 1000 m² (5112D107),Travaux d'efficacité énergétique
5211D107,Remplacement de chaudière gaz/fuel en logement individuel (5211D107),Travaux d'efficacité énergétique
3212D113,Étanchéité en matériaux bitumineux en feuilles (3212D113),Travaux d'efficacité énergétique
4112D111,Plâtrerie (4112D111),Travaux d'efficacité énergétique
4112D114,Plâtrerie (4112D114),Travaux d'efficacité énergétique
4112D115,Plâtrerie (4112D115),Travaux d'efficacité énergétique
4132D111,Plaques de plâtre (4132D111),Travaux d'efficacité énergétique
4132D114,Plaques de plâtre (4132D114),Travaux d'efficacité énergétique
4132D115,Plaques de plâtre (4132D115),Travaux d'efficacité énergétique
6611D115,Fourniture et pose de plafonds suspendus modulaires (6611D115),Travaux d'efficacité énergétique
3133D111,Ardoises (3133D111),Travaux d'efficacité énergétique
3133D113,Ardoises (3133D113),Travaux d'efficacité énergétique
3133D114,Ardoises (3133D114),Travaux d'efficacité énergétique
3153D111,Couverture en métaux sauf plomb (3153D111),Travaux d'efficacité énergétique
3153D112,Couverture en métaux sauf plomb (3153D112),Travaux d'efficacité énergétique
3153D113,Couverture en métaux sauf plomb (3153D113),Travaux d'efficacité énergétique
3153D114,Couverture en métaux sauf plomb (3153D114),Travaux d'efficacité énergétique
7132D112,Isolation thermique par l'extérieur (7132D112),Travaux d'efficacité énergétique
7132D115,Isolation thermique par l'extérieur (7132D115),Travaux d'efficacité énergétique
3152D111,Couverture en métaux sauf plomb (3152D111),Travaux d'efficacité énergétique
3152D113,Couverture en métaux sauf plomb (3152D113),Travaux d'efficacité énergétique
3152D114,Couverture en métaux sauf plomb (3152D114),Travaux d'efficacité énergétique
8611M11D101,"Efficacité énergétique - ""ECO Artisan®"" - Plombier (8611M11D101)",Travaux d'efficacité énergétique
8611M11D107,"Efficacité énergétique - ""ECO Artisan®"" - Plombier (8611M11D107)",Travaux d'efficacité énergétique
8611M11D108,"Efficacité énergétique - ""ECO Artisan®"" - Plombier (8611M11D108)",Travaux d'efficacité énergétique
8611M12D101,"Efficacité énergétique - ""ECO Artisan®"" - Chauffagiste (8611M12D101)",Travaux d'efficacité énergétique
8611M12D107,"Efficacité énergétique - ""ECO Artisan®"" - Chauffagiste (8611M12D107)",Travaux d'efficacité énergétique
8611M12D108,"Efficacité énergétique - ""ECO Artisan®"" - Chauffagiste (8611M12D108)",Travaux d'efficacité énergétique
8611M13D107,"Efficacité énergétique - ""ECO Artisan®"" - Électricien (8611M13D107)",Travaux d'efficacité énergétique
8611M13D108,"Efficacité énergétique - ""ECO Artisan®"" - Électricien (8611M13D108)",Travaux d'efficacité énergétique
7131D112,Isolation thermique par l'extérieur (7131D112),Travaux d'efficacité énergétique
3521D109,Fabrication et pose de menuiseries extérieures en aluminium (3521D109),Travaux d'efficacité énergétique
5113D101,Installation de plomberie sanitaire dans tout type de bâtiment avec surpresseur ou dans l'industrie (5113D101),Travaux d'efficacité énergétique
8611M8D110,"Efficacité énergétique - ""ECO Artisan®"" - Couvreur (8611M8D110)",Travaux d'efficacité énergétique
8611M8D111,"Efficacité énergétique - ""ECO Artisan®"" - Couvreur (8611M8D111)",Travaux d'efficacité énergétique
8611M8D113,"Efficacité énergétique - ""ECO Artisan®"" - Couvreur (8611M8D113)",Travaux d'efficacité énergétique
6312D115,Carrelages - revêtements - mosaïques (6312D115),Travaux d'efficacité énergétique
3121D113,Tuiles plates (3121D113),Travaux d'efficacité énergétique
7131D115,Isolation thermique par l'extérieur (7131D115),Travaux d'efficacité énergétique
4711D109,Produits verriers (4711D109),Travaux d'efficacité énergétique
3213D113,Étanchéité en matériaux bitumineux en feuilles (3213D113),Travaux d'efficacité énergétique
3271D113,Tôle d'acier nervurée (tan) avec étanchéité en membrane en feuilles (3271D113),Travaux d'efficacité énergétique
6111D111,Peinture et ravalement (6111D111),Travaux d'efficacité énergétique
6111D112,Peinture et ravalement (6111D112),Travaux d'efficacité énergétique
6111D115,Peinture et ravalement (6111D115),Travaux d'efficacité énergétique
3541D109,Fabrication et pose de menuiseries extérieures en PVC (3541D109),Travaux d'efficacité énergétique
2111D111,Maçonnerie et ouvrages en béton armé (2111D111),Travaux d'efficacité énergétique
2111D112,Maçonnerie et ouvrages en béton armé (2111D112),Travaux d'efficacité énergétique
2111D115,Maçonnerie et ouvrages en béton armé (2111D115),Travaux d'efficacité énergétique
2132D111,Enduits aux liants hydrauliques (2132D111),Travaux d'efficacité énergétique
2132D112,Enduits aux liants hydrauliques (2132D112),Travaux d'efficacité énergétique
2132D115,Enduits aux liants hydrauliques (2132D115),Travaux d'efficacité énergétique
4131D111,Plaques de plâtre (4131D111),Travaux d'efficacité énergétique
4131D114,Plaques de plâtre (4131D114),Travaux d'efficacité énergétique
6311D111,Carrelages - revêtements (6311D111),Travaux d'efficacité énergétique
6311D115,Carrelages - revêtements (6311D115),Travaux d'efficacité énergétique
4131D115,Plaques de plâtre (4131D115),Travaux d'efficacité énergétique
3121D110,Tuiles plates (3121D110),Travaux d'efficacité énergétique
3121D111,Tuiles plates (3121D111),Travaux d'efficacité énergétique
3121D114,Tuiles plates (3121D114),Travaux d'efficacité énergétique
3132D110,Ardoises (3132D110),Travaux d'efficacité énergétique
3132D111,Ardoises (3132D111),Travaux d'efficacité énergétique
3132D112,Ardoises (3132D112),Travaux d'efficacité énergétique
3132D113,Ardoises (3132D113),Travaux d'efficacité énergétique
3132D114,Ardoises (3132D114),Travaux d'efficacité énergétique
5261D101,"Entretien et maintenance d'installation de chauffage avec chaudière en habitat individuel, collectif et tertiaire inférieur à 1000 m2 (5261D101)",Travaux d'efficacité énergétique
5261D107,"Entretien et maintenance d'installation de chauffage avec chaudière en habitat individuel, collectif et tertiaire inférieur à 1000 m2 (5261D107)",Travaux d'efficacité énergétique
5311D108,"Installation de vmc en habitat individuel, collectif et tertiaire inférieur à 1000 m2 (5311D108)",Travaux d'efficacité énergétique
4412D109,Métallerie (4412D109),Travaux d'efficacité énergétique
6112D111,Peinture et ravalement (6112D111),Travaux d'efficacité énergétique
6112D112,Peinture et ravalement (6112D112),Travaux d'efficacité énergétique
6112D115,Peinture et ravalement (6112D115),Travaux d'efficacité énergétique
4511D109,"Fourniture et pose volets, stores, portails, rideaux, grilles, portes de garage et portes sectionnelles - résidentiel et tertiaire (4511D109)",Travaux d'efficacité énergétique
3211D113,Étanchéité en matériaux bitumineux en feuilles (3211D113),Travaux d'efficacité énergétique
7121D111,Isolation thermique et acoustique par soufflage (7121D111),Travaux d'efficacité énergétique
7121D114,Isolation thermique et acoustique par soufflage (7121D114),Travaux d'efficacité énergétique
3101D112,Tuiles à emboîtement ou à glissement (3101D112),Travaux d'efficacité énergétique
2301D111,"Fourniture et pose de charpente traditionnelle, en bois lamellé collé et structure en bois (2301D111)",Travaux d'efficacité énergétique
2301D112,"Fourniture et pose de charpente traditionnelle, en bois lamellé collé et structure en bois (2301D112)",Travaux d'efficacité énergétique
2301D113,"Fourniture et pose de charpente traditionnelle, en bois lamellé collé et structure en bois (2301D113)",Travaux d'efficacité énergétique
3512D109,Fourniture et pose de menuiseries extérieures dans tout type de bâtiment (3512D109),Travaux d'efficacité énergétique
3551D109,Fabrication et pose de menuiseries extérieures en bois (3551D109),Travaux d'efficacité énergétique
9112D111,Agencement (9112D111),Travaux d'efficacité énergétique
5274D101,Exploitation d'installation de chauffage et de rafraichissement avec garantie totale dans tout type de bâtiment supérieur à 1000 m2 (5274D101),Travaux d'efficacité énergétique
5274D107,Exploitation d'installation de chauffage et de rafraichissement avec garantie totale dans tout type de bâtiment supérieur à 1000 m2 (5274D107),Travaux d'efficacité énergétique
2301D109,"Fourniture et pose de charpente traditionnelle, en bois lamellé collé et structure en bois (2301D109)",Travaux d'efficacité énergétique
2301D110,"Fourniture et pose de charpente traditionnelle, en bois lamellé collé et structure en bois (2301D110)",Travaux d'efficacité énergétique
2301D114,"Fourniture et pose de charpente traditionnelle, en bois lamellé collé et structure en bois (2301D114)",Travaux d'efficacité énergétique
2301D115,"Fourniture et pose de charpente traditionnelle, en bois lamellé collé et structure en bois (2301D115)",Travaux d'efficacité énergétique
2312D111,Fabrication et pose de charpente traditionnelle et structure en bois (2312D111),Travaux d'efficacité énergétique
2312D113,Fabrication et pose de charpente traditionnelle et structure en bois (2312D113),Travaux d'efficacité énergétique
2312D114,Fabrication et pose de charpente traditionnelle et structure en bois (2312D114),Travaux d'efficacité énergétique
3133D110,Ardoises (3133D110),Travaux d'efficacité énergétique
3153D110,Couverture en métaux sauf plomb (3153D110),Travaux d'efficacité énergétique
2312D110,Fabrication et pose de charpente traditionnelle et structure en bois (2312D110),Travaux d'efficacité énergétique
2312D112,Fabrication et pose de charpente traditionnelle et structure en bois (2312D112),Travaux d'efficacité énergétique
2312D109,Fabrication et pose de charpente traditionnelle et structure en bois (2312D109),Travaux d'efficacité énergétique
2312D115,Fabrication et pose de charpente traditionnelle et structure en bois (2312D115),Travaux d'efficacité énergétique
8611M1D112,"Efficacité énergétique - ""ECO Artisan®"" - Maçon (8611M1D112)",Travaux d'efficacité énergétique
3423D112,Imperméabilité des façades (3423D112),Travaux d'efficacité énergétique
8611M1D111,"Efficacité énergétique - ""ECO Artisan®"" - Maçon (8611M1D111)",Travaux d'efficacité énergétique
8611M1D115,"Efficacité énergétique - ""ECO Artisan®"" - Maçon (8611M1D115)",Travaux d'efficacité énergétique
8611M8D114,"Efficacité énergétique - ""ECO Artisan®"" - Couvreur (8611M8D114)",Travaux d'efficacité énergétique
3111D111,Tuiles canal (3111D111),Travaux d'efficacité énergétique
3111D113,Tuiles canal (3111D113),Travaux d'efficacité énergétique
3111D114,Tuiles canal (3111D114),Travaux d'efficacité énergétique
3143D110,Fenêtres de toit en pente (3143D110),Travaux d'efficacité énergétique
2313D109,Fabrication et pose de charpente traditionnelle et structure en bois (2313D109),Travaux d'efficacité énergétique
2313D110,Fabrication et pose de charpente traditionnelle et structure en bois (2313D110),Travaux d'efficacité énergétique
2313D111,Fabrication et pose de charpente traditionnelle et structure en bois (2313D111),Travaux d'efficacité énergétique
2313D112,Fabrication et pose de charpente traditionnelle et structure en bois (2313D112),Travaux d'efficacité énergétique
2313D113,Fabrication et pose de charpente traditionnelle et structure en bois (2313D113),Travaux d'efficacité énergétique
3181D112,Couverture en plaques nervurées ou ondulées (3181D112),Travaux d'efficacité énergétique
2313D114,Fabrication et pose de charpente traditionnelle et structure en bois (2313D114),Travaux d'efficacité énergétique
2313D115,Fabrication et pose de charpente traditionnelle et structure en bois (2313D115),Travaux d'efficacité énergétique
2113D111,Maçonnerie et ouvrages en béton armé (2113D111),Travaux d'efficacité énergétique
8621T16D114,"Efficacité énergétique - ""Les pros de la performance énergétique®"" - Isolations parois verticales opaques et planchers bas (8621T16D114)",Travaux d'efficacité énergétique
4323D111,Fabrication et pose de menuiserie intérieure en bois (4323D111),Travaux d'efficacité énergétique
8621T15D105,"Efficacité énergétique - ""Les pros de la performance énergétique®"" - Énergie renouvelables (8621T15D105)",Installations d'énergies renouvelables
8621T15D106,"Efficacité énergétique - ""Les pros de la performance énergétique®"" - Énergie renouvelables (8621T15D106)",Installations d'énergies renouvelables
4413D109,Métallerie (4413D109),Travaux d'efficacité énergétique
2113D115,Maçonnerie et ouvrages en béton armé (2113D115),Travaux d'efficacité énergétique
3111D110,Tuiles canal (3111D110),Travaux d'efficacité énergétique
6612D115,Fourniture et pose de plafonds suspendus modulaires (6612D115),Travaux d'efficacité énergétique
7212D111,Isolation et traitement acoustique (7212D111),Travaux d'efficacité énergétique
7212D112,Isolation et traitement acoustique (7212D112),Travaux d'efficacité énergétique
7212D114,Isolation et traitement acoustique (7212D114),Travaux d'efficacité énergétique
7212D115,Isolation et traitement acoustique (7212D115),Travaux d'efficacité énergétique
2113D112,Maçonnerie et ouvrages en béton armé (2113D112),Travaux d'efficacité énergétique
2121D112,Ravalement en maçonnerie (2121D112),Travaux d'efficacité énergétique
2121D115,Ravalement en maçonnerie (2121D115),Travaux d'efficacité énergétique
2212D111,Béton armé et béton précontraint (2212D111),Travaux d'efficacité énergétique
2212D112,Béton armé et béton précontraint (2212D112),Travaux d'efficacité énergétique
2212D115,Béton armé et béton précontraint (2212D115),Travaux d'efficacité énergétique
4411D109,Serrurerie-métallerie (4411D109),Travaux d'efficacité énergétique
8611M5D109,"Efficacité énergétique - ""ECO Artisan®"" - Serrurier métallier (8611M5D109)",Travaux d'efficacité énergétique
2302D109,"Fourniture et pose de charpente traditionnelle, en bois lamellé collé et structure en bois (2302D109)",Travaux d'efficacité énergétique
2302D110,"Fourniture et pose de charpente traditionnelle, en bois lamellé collé et structure en bois (2302D110)",Travaux d'efficacité énergétique
2302D111,"Fourniture et pose de charpente traditionnelle, en bois lamellé collé et structure en bois (2302D111)",Travaux d'efficacité énergétique
2302D112,"Fourniture et pose de charpente traditionnelle, en bois lamellé collé et structure en bois (2302D112)",Travaux d'efficacité énergétique
2302D113,"Fourniture et pose de charpente traditionnelle, en bois lamellé collé et structure en bois (2302D113)",Travaux d'efficacité énergétique
2302D114,"Fourniture et pose de charpente traditionnelle, en bois lamellé collé et structure en bois (2302D114)",Travaux d'efficacité énergétique
2302D115,"Fourniture et pose de charpente traditionnelle, en bois lamellé collé et structure en bois (2302D115)",Travaux d'efficacité énergétique
7142D111,Isolation thermique - correction acoustique par projection - injection (7142D111),Travaux d'efficacité énergétique
7142D114,Isolation thermique - correction acoustique par projection - injection (7142D114),Travaux d'efficacité énergétique
2141D111,Transformation en maçonnerie (2141D111),Travaux d'efficacité énergétique
2141D112,Transformation en maçonnerie (2141D112),Travaux d'efficacité énergétique
2141D115,Transformation en maçonnerie (2141D115),Travaux d'efficacité énergétique
2142D111,Réparation en maçonnerie et en béton armé (2142D111),Travaux d'efficacité énergétique
2142D112,Réparation en maçonnerie et en béton armé (2142D112),Travaux d'efficacité énergétique
2142D115,Réparation en maçonnerie et en béton armé (2142D115),Travaux d'efficacité énergétique
8611M3D109,"Efficacité énergétique - ""ECO Artisan®"" - Charpentier (8611M3D109)",Travaux d'efficacité énergétique
8611M3D110,"Efficacité énergétique - ""ECO Artisan®"" - Charpentier (8611M3D110)",Travaux d'efficacité énergétique
8611M5D112,"Efficacité énergétique - ""ECO Artisan®"" - Serrurier métallier (8611M5D112)",Travaux d'efficacité énergétique
8611M9D111,"Efficacité énergétique - ""ECO Artisan®"" - Agenceur (8611M9D111)",Travaux d'efficacité énergétique
8611M9D114,"Efficacité énergétique - ""ECO Artisan®"" - Agenceur (8611M9D114)",Travaux d'efficacité énergétique
5131D102,"Installation de chauffe-eau solaire en habitat individuel, collectif et tertiaire inférieur à 1000 m² (5131D102)",Installations d'énergies renouvelables
8611M9D113,"Efficacité énergétique - ""ECO Artisan®"" - Agenceur (8611M9D113)",Travaux d'efficacité énergétique
3171D110,Couverture en bardeaux bitumés (3171D110),Travaux d'efficacité énergétique
3171D111,Couverture en bardeaux bitumés (3171D111),Travaux d'efficacité énergétique
3171D113,Couverture en bardeaux bitumés (3171D113),Travaux d'efficacité énergétique
3171D114,Couverture en bardeaux bitumés (3171D114),Travaux d'efficacité énergétique
3172D110,Couverture en matériaux régionaux (3172D110),Travaux d'efficacité énergétique
3172D111,Couverture en matériaux régionaux (3172D111),Travaux d'efficacité énergétique
3172D113,Couverture en matériaux régionaux (3172D113),Travaux d'efficacité énergétique
3172D114,Couverture en matériaux régionaux (3172D114),Travaux d'efficacité énergétique
8621T15D102,"Efficacité énergétique - ""Les pros de la performance énergétique®"" - Énergie renouvelables (8621T15D102)",Installations d'énergies renouvelables
8621T15D103,"Efficacité énergétique - ""Les pros de la performance énergétique®"" - Énergie renouvelables (8621T15D103)",Installations d'énergies renouvelables
8621T15D104,"Efficacité énergétique - ""Les pros de la performance énergétique®"" - Énergie renouvelables (8621T15D104)",Installations d'énergies renouvelables
3813D112,Parois en bardages complexes (3813D112),Travaux d'efficacité énergétique
3542D109,Fabrication et pose de menuiseries extérieures en PVC (3542D109),Travaux d'efficacité énergétique
8632D117,"Efficacité énergétique - ""offre globale"" (8632D117)",Rénovation globale
3152D112,Couverture en métaux sauf plomb (3152D112),Travaux d'efficacité énergétique
3222D113,Étanchéité en matériaux de synthèse en feuilles (3222D113),Travaux d'efficacité énergétique
3272D113,Tôle d'acier nervurée (tan) avec étanchéité en membrane en feuilles (3272D113),Travaux d'efficacité énergétique
3123D110,Tuiles plates (3123D110),Travaux d'efficacité énergétique
3123D111,Tuiles plates (3123D111),Travaux d'efficacité énergétique
3123D112,Tuiles plates (3123D112),Travaux d'efficacité énergétique
3123D113,Tuiles plates (3123D113),Travaux d'efficacité énergétique
3123D114,Tuiles plates (3123D114),Travaux d'efficacité énergétique
3133D112,Ardoises (3133D112),Travaux d'efficacité énergétique
4322D111,Fabrication et pose de menuiserie intérieure en bois (4322D111),Travaux d'efficacité énergétique
4322D115,Fabrication et pose de menuiserie intérieure en bois (4322D115),Travaux d'efficacité énergétique
3421D112,Imperméabilité des façades (3421D112),Travaux d'efficacité énergétique
5232D105,"Installation de pompe à chaleur et groupe froid en habitat individuel, collectif et tertiaire supérieur à 1000 m² (5232D105)",Installations d'énergies renouvelables
5232D106,"Installation de pompe à chaleur et groupe froid en habitat individuel, collectif et tertiaire supérieur à 1000 m² (5232D106)",Installations d'énergies renouvelables
6612D114,Fourniture et pose de plafonds suspendus modulaires (6612D114),Travaux d'efficacité énergétique
4512D109,"Fourniture et pose volets, stores, portails, rideaux, grilles, portes de garage et portes sectionnelles - collectif - tertiaire et industriel (4512D109)",Travaux d'efficacité énergétique
8611M6D111,"Efficacité énergétique - ""ECO Artisan®"" - Carreleur (8611M6D111)",Travaux d'efficacité énergétique
8611M6D115,"Efficacité énergétique - ""ECO Artisan®"" - Carreleur (8611M6D115)",Travaux d'efficacité énergétique
8611M8D112,"Efficacité énergétique - ""ECO Artisan®"" - Couvreur (8611M8D112)",Travaux d'efficacité énergétique
8611M7D111,"Efficacité énergétique - ""ECO Artisan®"" - Peintre (8611M7D111)",Travaux d'efficacité énergétique
8611M7D112,"Efficacité énergétique - ""ECO Artisan®"" - Peintre (8611M7D112)",Travaux d'efficacité énergétique
6261D115,Chapes (6261D115),Travaux d'efficacité énergétique
3172D112,Couverture en matériaux régionaux (3172D112),Travaux d'efficacité énergétique
3722D109,Fabrication et pose de façades-rideaux métalliques (3722D109),Travaux d'efficacité énergétique
3722D110,Fabrication et pose de façades-rideaux métalliques (3722D110),Travaux d'efficacité énergétique
3531D109,Fabrication et pose de menuiseries extérieures en acier (3531D109),Travaux d'efficacité énergétique
6312D111,Carrelages - revêtements - mosaïques (6312D111),Travaux d'efficacité énergétique
5911D118,Installations photovoltaïques de puissance inférieure à 250 kWc (5911D118),Installations d'énergies renouvelables
4412D112,Métallerie (4412D112),Travaux d'efficacité énergétique
4412D115,Métallerie (4412D115),Travaux d'efficacité énergétique
7133D112,Isolation thermique par l'extérieur (7133D112),Travaux d'efficacité énergétique
7133D115,Isolation thermique par l'extérieur (7133D115),Travaux d'efficacité énergétique
2351D111,Fourniture et pose de bâtiments à ossature bois (2351D111),Travaux d'efficacité énergétique
2351D112,Fourniture et pose de bâtiments à ossature bois (2351D112),Travaux d'efficacité énergétique
7142D112,Isolation thermique - correction acoustique par projection - injection (7142D112),Travaux d'efficacité énergétique
7142D115,Isolation thermique - correction acoustique par projection - injection (7142D115),Travaux d'efficacité énergétique
3721D109,Fabrication et pose de façades-rideaux métalliques (3721D109),Travaux d'efficacité énergétique
3721D110,Fabrication et pose de façades-rideaux métalliques (3721D110),Travaux d'efficacité énergétique
3424D112,Imperméabilité des façades (3424D112),Travaux d'efficacité énergétique
4312D111,Fourniture et pose de menuiserie intérieure en bois (4312D111),Travaux d'efficacité énergétique
4312D115,Fourniture et pose de menuiserie intérieure en bois (4312D115),Travaux d'efficacité énergétique
6121D112,Ravalement en peinture (6121D112),Travaux d'efficacité énergétique
6121D115,Ravalement en peinture (6121D115),Travaux d'efficacité énergétique
9112D114,Agencement (9112D114),Travaux d'efficacité énergétique
9112D115,Agencement (9112D115),Travaux d'efficacité énergétique
5132D102,Installation de chauffe-eau solaire dans tout type de bâtiment supérieur à 1000 m² (5132D102),Installations d'énergies renouvelables
5223D103,"Installation de chauffage avec chaudière bois en habitat individuel, collectif et tertiaire supérieur à 1000 m² (5223D103)",Installations d'énergies renouvelables
5223D104,"Installation de chauffage avec chaudière bois en habitat individuel, collectif et tertiaire supérieur à 1000 m² (5223D104)",Installations d'énergies renouvelables
8621T16D113,"Efficacité énergétique - ""Les pros de la performance énergétique®"" - Isolations parois verticales opaques et planchers bas (8621T16D113)",Travaux d'efficacité énergétique
4712D109,Produits verriers (4712D109),Travaux d'efficacité énergétique
9142D109,Fabrication et pose de vérandas à structure aluminium (9142D109),Travaux d'efficacité énergétique
3233D113,Étanchéité en asphaltes coulés (3233D113),Travaux d'efficacité énergétique
8611M2D112,"Efficacité énergétique - ""ECO Artisan®"" - Tailleur de pierres (8611M2D112)",Travaux d'efficacité énergétique
4323D115,Fabrication et pose de menuiserie intérieure en bois (4323D115),Travaux d'efficacité énergétique
2352D111,Fourniture et pose de bâtiments à ossature bois (2352D111),Travaux d'efficacité énergétique
2352D112,Fourniture et pose de bâtiments à ossature bois (2352D112),Travaux d'efficacité énergétique
2352D115,Fourniture et pose de bâtiments à ossature bois (2352D115),Travaux d'efficacité énergétique
2361D111,Fabrication et pose de bâtiments à ossature bois (2361D111),Travaux d'efficacité énergétique
2361D112,Fabrication et pose de bâtiments à ossature bois (2361D112),Travaux d'efficacité énergétique
2361D113,Fabrication et pose de bâtiments à ossature bois (2361D113),Travaux d'efficacité énergétique
2361D114,Fabrication et pose de bâtiments à ossature bois (2361D114),Travaux d'efficacité énergétique
4522D109,"Fabrication et pose de persiennes, volets roulants, battants et coulissants, jalousies, brise-soleils orientables - résidentiel et tertiaire (4522D109)",Travaux d'efficacité énergétique
3113D110,Tuiles canal (3113D110),Travaux d'efficacité énergétique
3113D111,Tuiles canal (3113D111),Travaux d'efficacité énergétique
3113D113,Tuiles canal (3113D113),Travaux d'efficacité énergétique
3113D114,Tuiles canal (3113D114),Travaux d'efficacité énergétique
6262D115,Chapes fluides (6262D115),Travaux d'efficacité énergétique
3552D109,Fabrication et pose de menuiseries extérieures en bois (3552D109),Travaux d'efficacité énergétique
3223D113,Étanchéité en matériaux de synthèse en feuilles (3223D113),Travaux d'efficacité énergétique
3163D110,Couverture en plomb (3163D110),Travaux d'efficacité énergétique
3163D111,Couverture en plomb (3163D111),Travaux d'efficacité énergétique
3163D113,Couverture en plomb (3163D113),Travaux d'efficacité énergétique
3163D114,Couverture en plomb (3163D114),Travaux d'efficacité énergétique
3111D112,Tuiles canal (3111D112),Travaux d'efficacité énergétique
4532D109,"Fabrication et pose de stores - collectif, résidentiel, tertiaire et industriel (4532D109)",Travaux d'efficacité énergétique
2371D109,Charpente et structures industrialisées en bois (2371D109),Travaux d'efficacité énergétique
2371D110,Charpente et structures industrialisées en bois (2371D110),Travaux d'efficacité énergétique
2371D111,Charpente et structures industrialisées en bois (2371D111),Travaux d'efficacité énergétique
2371D112,Charpente et structures industrialisées en bois (2371D112),Travaux d'efficacité énergétique
2371D113,Charpente et structures industrialisées en bois (2371D113),Travaux d'efficacité énergétique
2371D114,Charpente et structures industrialisées en bois (2371D114),Travaux d'efficacité énergétique
2371D115,Charpente et structures industrialisées en bois (2371D115),Travaux d'efficacité énergétique
5511D107,Installation de systèmes de gestion technique du bâtiment (gtb) (5511D107),Travaux d'efficacité énergétique
3422D112,Imperméabilité des façades (3422D112),Travaux d'efficacité énergétique
4413D112,Métallerie (4413D112),Travaux d'efficacité énergétique
4413D115,Métallerie (4413D115),Travaux d'efficacité énergétique
9141D109,Fourniture et pose de vérandas à structure aluminium (9141D109),Travaux d'efficacité énergétique
2351D109,Fourniture et pose de bâtiments à ossature bois (2351D109),Travaux d'efficacité énergétique
2351D110,Fourniture et pose de bâtiments à ossature bois (2351D110),Travaux d'efficacité énergétique
2351D113,Fourniture et pose de bâtiments à ossature bois (2351D113),Travaux d'efficacité énergétique
2351D114,Fourniture et pose de bâtiments à ossature bois (2351D114),Travaux d'efficacité énergétique
2351D115,Fourniture et pose de bâtiments à ossature bois (2351D115),Travaux d'efficacité énergétique
3171D112,Couverture en bardeaux bitumés (3171D112),Travaux d'efficacité énergétique
3121D112,Tuiles plates (3121D112),Travaux d'efficacité énergétique
7121D115,Isolation thermique et acoustique par soufflage (7121D115),Travaux d'efficacité énergétique
5263D101,"Maintenance d'installation de pompe à chaleur et groupe froid en habitat individuel, collectif et tertiaire inférieur à 1000 m2 (5263D101)",Travaux d'efficacité énergétique
5263D107,"Maintenance d'installation de pompe à chaleur et groupe froid en habitat individuel, collectif et tertiaire inférieur à 1000 m2 (5263D107)",Travaux d'efficacité énergétique
5214D101,"Installation de chauffage à gaz décentralisée : aérotherme, radiants, générateur d'air chaud (5214D101)",Travaux d'efficacité énergétique
5214D107,"Installation de chauffage à gaz décentralisée : aérotherme, radiants, générateur d'air chaud (5214D107)",Travaux d'efficacité énergétique
2213D111,Béton armé et béton précontraint (2213D111),Travaux d'efficacité énergétique
2213D112,Béton armé et béton précontraint (2213D112),Travaux d'efficacité énergétique
2213D115,Béton armé et béton précontraint (2213D115),Travaux d'efficacité énergétique
6611D114,Fourniture et pose de plafonds suspendus modulaires (6611D114),Travaux d'efficacité énergétique
3221D113,Étanchéité en matériaux de synthèse en feuilles (3221D113),Travaux d'efficacité énergétique
5241D102,Installation de chauffage solaire et ecs (5241D102),Installations d'énergies renouvelables
3173D110,Couverture en matériaux régionaux (3173D110),Travaux d'efficacité énergétique
3173D111,Couverture en matériaux régionaux (3173D111),Travaux d'efficacité énergétique
3173D113,Couverture en matériaux régionaux (3173D113),Travaux d'efficacité énergétique
3173D114,Couverture en matériaux régionaux (3173D114),Travaux d'efficacité énergétique
5331D108,Nettoyage de réseaux aérauliques (5331D108),Non renseigné
3712D109,Fourniture et pose de façades-rideaux métalliques (3712D109),Travaux d'efficacité énergétique
4113D111,Plâtrerie (4113D111),Travaux d'efficacité énergétique
4113D114,Plâtrerie (4113D114),Travaux d'efficacité énergétique
4113D115,Plâtrerie (4113D115),Travaux d'efficacité énergétique
3173D112,Couverture en matériaux régionaux (3173D112),Travaux d'efficacité énergétique
2361D109,Fabrication et pose de bâtiments à ossature bois (2361D109),Travaux d'efficacité énergétique
2361D110,Fabrication et pose de bâtiments à ossature bois (2361D110),Travaux d'efficacité énergétique
2361D115,Fabrication et pose de bâtiments à ossature bois (2361D115),Travaux d'efficacité énergétique
9161D114,Transformation et aménagement de combles (9161D114),Travaux d'efficacité énergétique
7122D112,Isolation thermique par l'intérieur (7122D112),Non renseigné
7122D113,Isolation thermique par l'intérieur (7122D113),Non renseigné
4411D112,Serrurerie-métallerie (4411D112),Travaux d'efficacité énergétique
4411D115,Serrurerie-métallerie (4411D115),Travaux d'efficacité énergétique
2151D115,Dallage courant (2151D115),Travaux d'efficacité énergétique
8621M3D111,"Efficacité énergétique - ""Les pros de la performance énergétique®"" - Charpentier (8621M3D111)",Travaux d'efficacité énergétique
2303D111,"Fourniture et pose de charpente traditionnelle, en bois lamellé collé et structure en bois (2303D111)",Travaux d'efficacité énergétique
2303D112,"Fourniture et pose de charpente traditionnelle, en bois lamellé collé et structure en bois (2303D112)",Travaux d'efficacité énergétique
2303D113,"Fourniture et pose de charpente traditionnelle, en bois lamellé collé et structure en bois (2303D113)",Travaux d'efficacité énergétique
2303D114,"Fourniture et pose de charpente traditionnelle, en bois lamellé collé et structure en bois (2303D114)",Travaux d'efficacité énergétique
2303D115,"Fourniture et pose de charpente traditionnelle, en bois lamellé collé et structure en bois (2303D115)",Travaux d'efficacité énergétique
3162D110,Couverture en plomb (3162D110),Travaux d'efficacité énergétique
3162D111,Couverture en plomb (3162D111),Travaux d'efficacité énergétique
4133D111,Plaques de plâtre (4133D111),Travaux d'efficacité énergétique
4133D114,Plaques de plâtre (4133D114),Travaux d'efficacité énergétique
4133D115,Plaques de plâtre (4133D115),Travaux d'efficacité énergétique
5272D101,Exploitation d'installation de chauffage et de rafraichissement avec obligation de résultat dans tout type de bâtiment ou industrie supérieur à 1000 m2 (5272D101),Travaux d'efficacité énergétique
2303D109,"Fourniture et pose de charpente traditionnelle, en bois lamellé collé et structure en bois (2303D109)",Travaux d'efficacité énergétique
2303D110,"Fourniture et pose de charpente traditionnelle, en bois lamellé collé et structure en bois (2303D110)",Travaux d'efficacité énergétique
3811D115,Parois en bardages simples (3811D115),Non renseigné
2352D113,Fourniture et pose de bâtiments à ossature bois (2352D113),Travaux d'efficacité énergétique
2352D114,Fourniture et pose de bâtiments à ossature bois (2352D114),Travaux d'efficacité énergétique
2381D110,Fourniture et pose de bâtiments en panneaux bois massifs croisés (2381D110),Travaux d'efficacité énergétique
2381D111,Fourniture et pose de bâtiments en panneaux bois massifs croisés (2381D111),Travaux d'efficacité énergétique
2381D112,Fourniture et pose de bâtiments en panneaux bois massifs croisés (2381D112),Travaux d'efficacité énergétique
2381D114,Fourniture et pose de bâtiments en panneaux bois massifs croisés (2381D114),Travaux d'efficacité énergétique
5333D108,Maintenance des réseaux aérauliques (5333D108),Travaux d'efficacité énergétique
32,QualiPV Elec - Pose de générateur photovoltaïque raccordé au réseau (32),Installations d'énergies renouvelables
42,QualiPAC CET - Pose de chauffe-eau thermodynamique (42),Installations d'énergies renouvelables
8731,Réalisation d'audit énergétique en maison individuelle (8731),Etudes énergétiques
3162D112,Couverture en plomb (3162D112),Travaux d'efficacité énergétique
3162D113,Couverture en plomb (3162D113),Travaux d'efficacité énergétique
3162D114,Couverture en plomb (3162D114),Travaux d'efficacité énergétique
CP032,AUDIT ENERGETIQUE BATIMENT (CP032),Etudes énergétiques
2372D111,Charpente et structures industrialisées en bois (2372D111),Travaux d'efficacité énergétique
2372D112,Charpente et structures industrialisées en bois (2372D112),Travaux d'efficacité énergétique
2372D114,Charpente et structures industrialisées en bois (2372D114),Travaux d'efficacité énergétique
3113D112,Tuiles canal (3113D112),Travaux d'efficacité énergétique
3132D6,Ardoises (3132D6),anciens domaines avant 2021
3132D7,Ardoises (3132D7),anciens domaines avant 2021
8633D117,"Efficacité énergétique - ""offre globale"" (8633D117)",Rénovation globale
3532D109,Fabrication et pose de menuiseries extérieures en acier (3532D109),Travaux d'efficacité énergétique
8621M1D111,"Efficacité énergétique - ""Les pros de la performance énergétique®"" - Maçon (8621M1D111)",Travaux d'efficacité énergétique
8621M1D112,"Efficacité énergétique - ""Les pros de la performance énergétique®"" - Maçon (8621M1D112)",Travaux d'efficacité énergétique
8621M1D115,"Efficacité énergétique - ""Les pros de la performance énergétique®"" - Maçon (8621M1D115)",Travaux d'efficacité énergétique
8621M3D109,"Efficacité énergétique - ""Les pros de la performance énergétique®"" - Charpentier (8621M3D109)",Travaux d'efficacité énergétique
8621M3D110,"Efficacité énergétique - ""Les pros de la performance énergétique®"" - Charpentier (8621M3D110)",Travaux d'efficacité énergétique
8621M3D112,"Efficacité énergétique - ""Les pros de la performance énergétique®"" - Charpentier (8621M3D112)",Travaux d'efficacité énergétique
8621M3D113,"Efficacité énergétique - ""Les pros de la performance énergétique®"" - Charpentier (8621M3D113)",Travaux d'efficacité énergétique
8621M3D114,"Efficacité énergétique - ""Les pros de la performance énergétique®"" - Charpentier (8621M3D114)",Travaux d'efficacité énergétique
8621M3D115,"Efficacité énergétique - ""Les pros de la performance énergétique®"" - Charpentier (8621M3D115)",Travaux d'efficacité énergétique
8621M4D111,"Efficacité énergétique - ""Les pros de la performance énergétique®"" - Plâtrier / Plaquiste (8621M4D111)",Travaux d'efficacité énergétique
8621M4D114,"Efficacité énergétique - ""Les pros de la performance énergétique®"" - Plâtrier / Plaquiste (8621M4D114)",Travaux d'efficacité énergétique
8621M4D115,"Efficacité énergétique - ""Les pros de la performance énergétique®"" - Plâtrier / Plaquiste (8621M4D115)",Travaux d'efficacité énergétique
8621M6D111,"Efficacité énergétique - ""Les pros de la performance énergétique®"" - Carreleur (8621M6D111)",Travaux d'efficacité énergétique
8621M6D115,"Efficacité énergétique - ""Les pros de la performance énergétique®"" - Carreleur (8621M6D115)",Travaux d'efficacité énergétique
8621M8D110,"Efficacité énergétique - ""Les pros de la performance énergétique®"" - Couvreur (8621M8D110)",Travaux d'efficacité énergétique
8621M8D111,"Efficacité énergétique - ""Les pros de la performance énergétique®"" - Couvreur (8621M8D111)",Travaux d'efficacité énergétique
8621M8D113,"Efficacité énergétique - ""Les pros de la performance énergétique®"" - Couvreur (8621M8D113)",Travaux d'efficacité énergétique
8621M8D114,"Efficacité énergétique - ""Les pros de la performance énergétique®"" - Couvreur (8621M8D114)",Travaux d'efficacité énergétique
8621M10D109,"Efficacité énergétique - ""Les pros de la performance énergétique®"" - Menuisier (8621M10D109)",Travaux d'efficacité énergétique
3,ARCHITECTE ELIGIBLE AUDIT ENERGETIQUE « MAPRIMERENOV » (3),Etudes énergétiques
3,Maitrise d'OEuvre dynamique au service de la rénovation énergétique performante des maisons individuelles existantes (3),Etudes énergétiques
8621T16D111,Efficacité énergétique -  Les pros de la performance énergétique®  - Isolations parois verticales opaques et planchers bas (8621T16D111),Travaux d'efficacité énergétique
8621T16D112,Efficacité énergétique -  Les pros de la performance énergétique®  - Isolations parois verticales opaques et planchers bas (8621T16D112),Travaux d'efficacité énergétique
8621T16D115,Efficacité énergétique -  Les pros de la performance énergétique®  - Isolations parois verticales opaques et planchers bas (8621T16D115),Travaux d'efficacité énergétique
8621T17D110,Efficacité énergétique -  Les pros de la performance énergétique®  - Isolation toitures dont toitures terrassés et planchers hauts (8621T17D110),Travaux d'efficacité énergétique
8621T17D111,Efficacité énergétique -  Les pros de la performance énergétique®  - Isolation toitures dont toitures terrassés et planchers hauts (8621T17D111),Travaux d'efficacité énergétique
8621T17D113,Efficacité énergétique -  Les pros de la performance énergétique®  - Isolation toitures dont toitures terrassés et planchers hauts (8621T17D113),Travaux d'efficacité énergétique
8621T17D114,Efficacité énergétique -  Les pros de la performance énergétique®  - Isolation toitures dont toitures terrassés et planchers hauts (8621T17D114),Travaux d'efficacité énergétique
8621T18D109,"Efficacité énergétique -  Les pros de la performance énergétique®  - Ouvrants, fermetures, protections solaires (8621T18D109)",Travaux d'efficacité énergétique
8621T18D110,"Efficacité énergétique -  Les pros de la performance énergétique®  - Ouvrants, fermetures, protections solaires (8621T18D110)",Travaux d'efficacité énergétique
8611M5D109,Efficacité énergétique -  ECO Artisan®  - Serrurier métallier (8611M5D109),Travaux d'efficacité énergétique
8611M10D109,Efficacité énergétique -  ECO Artisan®  - Menuisier (8611M10D109),Travaux d'efficacité énergétique
8611M3D111,Efficacité énergétique -  ECO Artisan®  - Charpentier (8611M3D111),Travaux d'efficacité énergétique
8611M3D113,Efficacité énergétique -  ECO Artisan®  - Charpentier (8611M3D113),Travaux d'efficacité énergétique
8611M3D114,Efficacité énergétique -  ECO Artisan®  - Charpentier (8611M3D114),Travaux d'efficacité énergétique
8611M5D112,Efficacité énergétique -  ECO Artisan®  - Serrurier métallier (8611M5D112),Travaux d'efficacité énergétique
8611M3D112,Efficacité énergétique -  ECO Artisan®  - Charpentier (8611M3D112),Travaux d'efficacité énergétique
8611M3D115,Efficacité énergétique -  ECO Artisan®  - Charpentier (8611M3D115),Travaux d'efficacité énergétique
8611M8D110,Efficacité énergétique -  ECO Artisan®  - Couvreur (8611M8D110),Travaux d'efficacité énergétique
8611M8D111,Efficacité énergétique -  ECO Artisan®  - Couvreur (8611M8D111),Travaux d'efficacité énergétique
8611M8D113,Efficacité énergétique -  ECO Artisan®  - Couvreur (8611M8D113),Travaux d'efficacité énergétique
8611M8D114,Efficacité énergétique -  ECO Artisan®  - Couvreur (8611M8D114),Travaux d'efficacité énergétique
8621T14D108,"Efficacité énergétique -  Les pros de la performance énergétique®  - Chauffage, ventilation, climatisation (8621T14D108)",Travaux d'efficacité énergétique
8621T16D113,Efficacité énergétique -  Les pros de la performance énergétique®  - Isolations parois verticales opaques et planchers bas (8621T16D113),Travaux d'efficacité énergétique
8621T16D114,Efficacité énergétique -  Les pros de la performance énergétique®  - Isolations parois verticales opaques et planchers bas (8621T16D114),Travaux d'efficacité énergétique
8611M8D112,Efficacité énergétique -  ECO Artisan®  - Couvreur (8611M8D112),Travaux d'efficacité énergétique
8611M12D101,Efficacité énergétique -  ECO Artisan®  - Chauffagiste (8611M12D101),Travaux d'efficacité énergétique
8611M12D108,Efficacité énergétique -  ECO Artisan®  - Chauffagiste (8611M12D108),Travaux d'efficacité énergétique
2342D111,Fabrication et pose de charpentes en bois lamellé-collé (2342D111),Non renseigné
2342D112,Fabrication et pose de charpentes en bois lamellé-collé (2342D112),Non renseigné
2342D114,Fabrication et pose de charpentes en bois lamellé-collé (2342D114),Non renseigné
2342D115,Fabrication et pose de charpentes en bois lamellé-collé (2342D115),Non renseigné
8611M11D101,Efficacité énergétique -  ECO Artisan®  - Plombier (8611M11D101),Travaux d'efficacité énergétique
8611M11D107,Efficacité énergétique -  ECO Artisan®  - Plombier (8611M11D107),Travaux d'efficacité énergétique
8611M11D108,Efficacité énergétique -  ECO Artisan®  - Plombier (8611M11D108),Travaux d'efficacité énergétique
8611M12D107,Efficacité énergétique -  ECO Artisan®  - Chauffagiste (8611M12D107),Travaux d'efficacité énergétique
8611M1D112,Efficacité énergétique -  ECO Artisan®  - Maçon (8611M1D112),Travaux d'efficacité énergétique
8611M3D110,Efficacité énergétique -  ECO Artisan®  - Charpentier (8611M3D110),Travaux d'efficacité énergétique
8611M4D111,Efficacité énergétique -  ECO Artisan®  - Plâtrier / Plaquiste (8611M4D111),Travaux d'efficacité énergétique
8611M4D114,Efficacité énergétique -  ECO Artisan®  - Plâtrier / Plaquiste (8611M4D114),Travaux d'efficacité énergétique
8611M4D115,Efficacité énergétique -  ECO Artisan®  - Plâtrier / Plaquiste (8611M4D115),Travaux d'efficacité énergétique
8611M6D111,Efficacité énergétique -  ECO Artisan®  - Carreleur (8611M6D111),Travaux d'efficacité énergétique
8611M6D115,Efficacité énergétique -  ECO Artisan®  - Carreleur (8611M6D115),Travaux d'efficacité énergétique
8611M7D111,Efficacité énergétique -  ECO Artisan®  - Peintre (8611M7D111),Travaux d'efficacité énergétique
8611M7D112,Efficacité énergétique -  ECO Artisan®  - Peintre (8611M7D112),Travaux d'efficacité énergétique
8611M9D111,Efficacité énergétique -  ECO Artisan®  - Agenceur (8611M9D111),Travaux d'efficacité énergétique
8611M9D113,Efficacité énergétique -  ECO Artisan®  - Agenceur (8611M9D113),Travaux d'efficacité énergétique
8611M13D107,Efficacité énergétique -  ECO Artisan®  - Électricien (8611M13D107),Travaux d'efficacité énergétique
8611M13D108,Efficacité énergétique -  ECO Artisan®  - Électricien (8611M13D108),Travaux d'efficacité énergétique
8611M1D111,Efficacité énergétique -  ECO Artisan®  - Maçon (8611M1D111),Travaux d'efficacité énergétique
8611M1D115,Efficacité énergétique -  ECO Artisan®  - Maçon (8611M1D115),Travaux d'efficacité énergétique
2352D109,Fourniture et pose de bâtiments à ossature bois (2352D109),Travaux d'efficacité énergétique
2352D110,Fourniture et pose de bâtiments à ossature bois (2352D110),Travaux d'efficacité énergétique
8621T14D101,"Efficacité énergétique -  Les pros de la performance énergétique®  - Chauffage, ventilation, climatisation (8621T14D101)",Travaux d'efficacité énergétique
8621T14D107,"Efficacité énergétique -  Les pros de la performance énergétique®  - Chauffage, ventilation, climatisation (8621T14D107)",Travaux d'efficacité énergétique
8611M3D109,Efficacité énergétique -  ECO Artisan®  - Charpentier (8611M3D109),Travaux d'efficacité énergétique
8611M9D114,Efficacité énergétique -  ECO Artisan®  - Agenceur (8611M9D114),Travaux d'efficacité énergétique
3163D112,Couverture en plomb (3163D112),Travaux d'efficacité énergétique
8632D117,Efficacité énergétique -  offre globale  (8632D117),Rénovation globale
6343D111,Revêtements muraux attachés (6343D111),Inconnu
6343D112,Revêtements muraux attachés (6343D112),Inconnu
8621T15D105,Efficacité énergétique -  Les pros de la performance énergétique®  - Énergie renouvelables (8621T15D105),Installations d'énergies renouvelables
8621T15D106,Efficacité énergétique -  Les pros de la performance énergétique®  - Énergie renouvelables (8621T15D106),Installations d'énergies renouvelables
8611M2D112,Efficacité énergétique -  ECO Artisan®  - Tailleur de pierres (8611M2D112),Travaux d'efficacité énergétique
QAERGE,RGE Etudes pour l'audit énergétique règlementaire dans le domaine Bâtiments (QAERGE),Etudes énergétiques
2372D109,Charpente et structures industrialisées en bois (2372D109),Travaux d'efficacité énergétique
2372D110,Charpente et structures industrialisées en bois (2372D110),Travaux d'efficacité énergétique
2372D113,Charpente et structures industrialisées en bois (2372D113),Travaux d'efficacité énergétique
2372D115,Charpente et structures industrialisées en bois (2372D115),Travaux d'efficacité énergétique
9143D109,Vérandas tous matériaux (hors aluminium) (9143D109),Travaux d'efficacité énergétique
8621T15D103,Efficacité énergétique -  Les pros de la performance énergétique®  - Énergie renouvelables (8621T15D103),Installations d'énergies renouvelables
8621T15D104,Efficacité énergétique -  Les pros de la performance énergétique®  - Énergie renouvelables (8621T15D104),Installations d'énergies renouvelables
3143D109,Fenêtres de toit en pente (3143D109),Non renseigné
8621T15D102,Efficacité énergétique -  Les pros de la performance énergétique®  - Énergie renouvelables (8621T15D102),Installations d'énergies renouvelables
5263D105,"Maintenance d'installation de pompe à chaleur et groupe froid en habitat individuel, collectif et tertiaire inférieur à 1000 m2 (5263D105)",Installations d'énergies renouvelables
5221D103,Installation d'appareil de chauffage bois indépendant : poêle et insert (5221D103),Installations d'énergies renouvelables
5263D106,"Maintenance d'installation de pompe à chaleur et groupe froid en habitat individuel, collectif et tertiaire inférieur à 1000 m2 (5263D106)",Installations d'énergies renouvelables
5332D108,Nettoyage et décontamination de réseaux aérauliques (5332D108),Travaux d'efficacité énergétique
64CFLCPT,"Radiateurs électriques, dont régulation (64CFLCPT)",Travaux d'efficacité énergétique
